MedCodeId,Term,Observations,SNOMED_CT_Concept_ID,readterm,readcode,MOP Site,Unnamed: 4,Major osteoporotic site,ICD-10 code,ICD-10 term
16895,,,,Fatigue fracture of vertebra,N1y1.00,1,,1 = Vertebra ,S22.0,Fracture of thoracic vertebra
30616,,,,Pathological fracture of thoracic vertebra,N331000,1,,,S32.0,Fracture of lumbar vertebra
30352,,,,Pathological fracture of lumbar vertebra,N331100,1,,,,
17377,,,,Osteoporosis + pathological fracture lumbar vertebrae,N331800,1,,2 = Shoulder,S42.2,Fracture of upper end of humerus
12673,,,,Osteoporosis + pathological fracture thoracic vertebrae,N331900,1,,,,
48772,,,,Osteoporosis + pathological fracture cervical vertebrae,N331A00,1,,3 = Wrist,S52.5,Fracture of lower end of radius
37945,,,,Pathological fracture of cervical vertebra,N331C00,1,,,S52.6,Fracture of lower end of both ulna and radius
4409,,,,Fracture of vertebra without spinal cord lesion,S10..12,1,,,S52.9    ,"Fracture of forearm, part unspecified"
27404,,,,Closed fracture thoracic vertebra,S102.00,1,,,,
28524,,,,"Closed fracture thoracic vertebra, wedge",S102100,1,,4 = Hip ,S72.0,Fracture of neck of femur
11770,,,,Other specified closed fracture thoracic vertebra,S102y00,1,,,S72.1,Pertrocantheric fracture
41138,,,,Closed fracture thoracic vertebra not otherwise specified,S102z00,1,,,S72.2,Subtrochantheric fracture
3888,,,,Closed fracture lumbar vertebra,S104.00,1,,,,
8266,,,,"Closed fracture lumbar vertebra, wedge",S104100,1,,7 = Unspecified site ,M80.0,Postmenopausal osteoporosis with pathological fracture
10990,,,,Fracture of lumbar vertebra,S10B000,1,,,M80.2,Osteoporosis of disuse with pathological fracture
5381,,,,Fracture of thoracic vertebra,S15..00,1,,,M80.5,Idiopathic osteoporosis with pathological fracture
56248,,,,Late effect of fracture of thoracic vertebra,SC01100,1,,,M80.8,Other osteoporosis with pathological fracture
88269,,,,Vertebroplasty of fracture of spine,7J41300,1,,,M80.9,Unspecified osteoporosis with pathological fracture
90472,,,,Balloon kyphoplasty of fracture of spine,7J41500,1,,,,
517,,,,Fracture of humerus,S22..00,2,,,,
11222,,,,Closed fracture of the proximal humerus,S220.00,2,,,,
44721,,,,"Closed fracture of proximal humerus, unspecified part",S220000,2,,,,
11313,,,,"Closed fracture proximal humerus, neck",S220100,2,,,,
11044,,,,"Closed fracture proximal humerus, greater tuberosity",S220300,2,,,,
28739,,,,"Closed fracture proximal humerus, head",S220400,2,,,,
40330,,,,"Closed fracture proximal humerus, three part",S220600,2,,,,
29137,,,,"Closed fracture proximal humerus, four part",S220700,2,,,,
38353,,,,Closed fracture of proximal humerus not otherwise specified,S220z00,2,,,,
19186,,,,Closed fracture of humerus NOS,S222000,2,,,,
2101,,,,Fracture of upper end of humerus,S226.00,2,,,,
10382,,,,Fracture of humerus NOS,S22z.00,2,,,,
5345,,,,Fracture-dislocation or subluxation shoulder,S4A..00,2,,,,
8348,,,,Closed fracture-dislocation shoulder,S4A0.00,2,,,,
33704,,,,Closed fracture-dislocation shoulder joint,S4A0000,2,,,,
35789,,,,Closed fracture-subluxation shoulder,S4A2.00,2,,,,
52457,,,,[X]Fracture of other parts of shoulder and upper arm,Syu4300,2,,,,
53866,,,,"[X]Fracture of shoulder and upper arm, unspecified",Syu4400,2,,,,
6379,,,,Closed reduction of fracture of humerus,7K1LF00,2,,,,
7428,,,,Closed reduction of fracture of shoulder,7K1LG00,2,,,,
6825,,,,Fracture of radius and ulna,S23..00,3,,,,
10640,,,,Forearm fracture,S23..11,3,,,,
18299,,,,"Closed fracture of radius and ulna, lower end",S234.00,3,,,,
203,,,,Wrist fracture - closed,S234.11,3,,,,
18389,,,,"Closed fracture of forearm, lower end, unspecified",S234000,3,,,,
343,,,,Closed Colles' fracture,S234100,3,,,,
52389,,,,Smith's fracture - closed,S234111,3,,,,
1742,,,,"Closed fracture of the distal radius, unspecified",S234200,3,,,,
9165,,,,"Closed fracture of ulna, styloid process",S234300,3,,,,
42076,,,,"Closed fracture of ulna, lower epiphysis",S234400,3,,,,
40476,,,,"Closed fracture distal ulna, unspecified",S234500,3,,,,
28708,,,,"Closed fracture radius and ulna, distal",S234600,3,,,,
2862,,,,Closed Smith's fracture,S234700,3,,,,
11066,,,,Closed volar Barton's fracture,S234900,3,,,,
6915,,,,Closed fracture radial styloid,S234B00,3,,,,
44844,,,,"Closed fracture distal radius, intra-articular, die-punch",S234C00,3,,,,
19058,,,,"Closed fracture distal radius, extra-articular, other type",S234D00,3,,,,
28293,,,,"Closed fracture distal radius, intra-articular, other type",S234E00,3,,,,
10033,,,,Closed Barton's fracture,S234F00,3,,,,
27591,,,,"Closed fracture of forearm, lower end, NOS",S234z00,3,,,,
199,,,,Fracture of lower end of radius,S23B.00,3,,,,
6213,,,,Fracture of lower end of both ulna and radius,S23C.00,3,,,,
15764,,,,"Closed fracture of radius and ulna, unspecified part",S23x.00,3,,,,
50654,,,,"Closed fracture of forearm, unspecified",S23x000,3,,,,
17952,,,,"Closed fracture of radius (alone), unspecified",S23x100,3,,,,
137,,,,Fracture of radius NOS,S23x111,3,,,,
24621,,,,"Closed fracture of ulna (alone), unspecified",S23x200,3,,,,
1073,,,,Fracture of ulna NOS,S23x211,3,,,,
4359,,,,Closed fracture of the radius and ulna,S23x300,3,,,,
36328,,,,"Closed fracture of radius and ulna, NOS",S23xz00,3,,,,
909,,,,"Fracture of radius and ulna, NOS",S23z.00,3,,,,
8056,,,,Fracture at wrist and hand level,S242.00,3,,,,
18614,,,,Fracture-dislocation or subluxation of wrist,S4C..00,3,,,,
34429,,,,Closed fracture dislocation of wrist,S4C0.00,3,,,,
17922,,,,Closed fracture-dislocation distal radio-ulnar joint,S4C0000,3,,,,
38408,,,,Closed fracture-dislocation radiocarpal joint,S4C0100,3,,,,
17921,,,,Closed fracture-subluxation of the wrist,S4C2.00,3,,,,
50148,,,,Closed fracture-subluxation radiocarpal joint,S4C2100,3,,,,
6455,,,,Sequelae of fracture at wrist and hand level,SC3C000,3,,,,
52977,,,,"[X]Fracture of forearm, unspecified",Syu5400,3,,,,
53068,,,,[X]Fracture of other & unspecified parts of wrist and hand,Syu6500,3,,,,
6942,,,,Closed reduction of fracture of radius and or ulna,7K1LL00,3,,,,
5951,,,,Closed reduction of fracture of wrist,7K1LM00,3,,,,
2225,,,,Fracture of neck of femur,S30..00,4,,,,
1994,,,,Hip fracture,S30..11,4,,,,
38489,,,,"Closed fracture proximal femur, transcervical",S300.00,4,,,,
52194,,,,"Closed fracture proximal femur, basicervical",S300300,4,,,,
51861,,,,"Closed fracture, base of neck of femur",S300311,4,,,,
36391,,,,Closed fracture head of femur,S300400,4,,,,
34351,,,,"Closed fracture proximal femur, subcapital, Garden grade I",S300600,4,,,,
45779,,,,"Closed fracture of femur, upper epiphysis",S300A00,4,,,,
5301,,,,"Closed fracture of proximal femur, pertrochanteric",S302.00,4,,,,
19387,,,,"Closed fracture of femur, greater trochanter",S302011,4,,,,
45141,,,,"Closed fracture proximal femur, intertrochanteric, two part",S302100,4,,,,
29145,,,,"Closed fracture proximal femur, subtrochanteric",S302200,4,,,,
8648,,,,"Closed fracture of femur, intertrochanteric",S302400,4,,,,
28965,,,,Pertrochanteric fracture,S304.00,4,,,,
8243,,,,Subtrochanteric fracture,S305.00,4,,,,
24276,,,,Closed fracture of unspecified proximal femur,S30w.00,4,,,,
10570,,,,Hip fracture NOS,S30y.11,4,,,,
24587,,,,Fracture-dislocation or subluxation hip,S4E..00,4,,,,
40267,,,,"Closed fracture-dislocation, hip joint",S4E0.00,4,,,,
17019,,,,"Cls # prox femur, subcapital, Garden grade unspec.",,4,,,,
19117,,,,"Cls # proximal femur, trochanteric section, unspecified",,4,,,,
51216,,,,"Cls # proximal femur, intertrochanteric, comminuted",,4,,,,
39984,,,,"Cls # prox femur, intracapsular section, unspecified",,4,,,,
44735,,,,"Cls # of proximal femur, pertrochanteric section, NOS",,4,,,,
6660,,,,Closed reduction of fracture of hip,7K1L400,4,,,,
58817,,,,Prim open reduct # neck femur & op fix - Blount nail plate,,4,,,,
65536,,,,Prim open reduct # neck femur & op fix - Pugh nail plate,,4,,,,
34846,,,,Rvsn to cls red+int fxn prox fem #+screw/nail+plate device,,4,,,,
57514,,,,Cls red+int fxn prox femoral #+Richard's cannulat hip screw,,4,,,,
34764,,,,Prmy open red+int fxn prox fem #+screw/nail+intramed device,,4,,,,
35004,,,,Primary int fxn(no red) prox fem #+screw/nail device alone,,4,,,,
70018,,,,Primary external fixation(without reduction) prox femoral #,,4,,,,
37998,,,,Revisn to int fxn(no red) prox fem #+screw/nail+plate device,,4,,,,
69857,,,,Rvsn cls red+int fxn prox fem #+screw/nail+intramed device,,4,,,,
28464,,,,Revsn to opn red+int fxtn prox fem #+screw/nail device alone,,4,,,,
33624,,,,Prmy open red+int fxn prox femoral #+screw/nail device alone,,4,,,,
5742,,,,Prmy open red+int fxn prox femoral #+screw/nail+plate device,,4,,,,
67028,,,,Revision to open red+ext fxtn of proximal femoral #,,4,,,,
54819,,,,Prim cls rd+int fxn prox fem #+screw/nail+intramdulry device,,4,,,,
38856,,,,Primary int fxn(no red) prox fem #+screw/nail+plate device,,4,,,,
43403,,,,Revisn to int fxn(no red) prox fem #+screw/nail device alone,,4,,,,
97337,,,,Prim op red # nck femur & op fix - Deyerle multiple hip pin,,4,,,,
52395,,,,Prim op red # nck femur & op fix- Charnley compression screw,,4,,,,
94714,,,,Prim open reduct # neck femur & op fix - Holt nail,,4,,,,
46258,,,,Prim open reduct # neck femur & op fix - Neufield nail plate,,4,,,,
24493,,,,Prim open reduct # neck femur & op fix - Richards screw,,4,,,,
57889,,,,Prim op red # nck femur & op fix- Zickel intramed nail plate,,4,,,,
102313,,,,Primary cls reduction+external fixation proximal femoral #,,4,,,,
8719,,,,Cls red+int fxn proximal femoral #+screw/nail device alone,,4,,,,
55386,,,,Primary cls red+int fxn prox fem #+screw/nail device alone,,4,,,,
44594,,,,Primary int fxn(no red) prox fem #+scrw/nail+intramed device,,4,,,,
56568,,,,Prim open red # neck femur & op fix - McLaughlin nail plate,,4,,,,
102104,,,,Revision to ext fxn(without reduction) proximal femoral #,,4,,,,
63554,,,,Rvsn to cls red+int fxn prox fem #+screw/nail device alone,,4,,,,
107932,,,,Prim open reduct # neck femur & op fix - Massie nail plate,,4,,,,
105352,,,,Prim open reduct # neck femur & op fix - Jewett nail plate,,4,,,,
57884,,,,Prim open reduct # neck femur & op fix - Ross Brown nail,,4,,,,
48973,,,,Rvsn to int fxn(no red) prox fem #+screw/nail+intramed dev,,4,,,,
63189,,,,Rvsn to opn red+int fxtn prox fem #+ scrw/nail+plate device,,4,,,,
46959,,,,Primary cls red+int fxn prox fem #+screw/nail+plate device,,4,,,,
50450,,,,Rvsn to opn red+int fxtn prox fem #+ scrw/nl+intramed device,,4,,,,
39322,,,,Closed reduction of intracapsular # NOF internal fixat DHS,,4,,,,
5526,,,,Pathological fracture,N331.00,7,,,,
39334,,,,Postoophorectomy osteoporosis with pathological fracture,N331200,7,,,,
33526,,,,Osteoporosis of disuse with pathological fracture,N331300,7,,,,
46894,,,,Drug-induced osteoporosis with pathological fracture,N331500,7,,,,
27597,,,,Idiopathic osteoporosis with pathological fracture,N331600,7,,,,
38395,,,,Postmenopausal osteoporosis with pathological fracture,N331B00,7,,,,
11503,,,,Fragility fracture due to unspecified osteoporosis,N331M00,7,,,,
93497,,,,Fragility fracture,N331N00,7,,,,
93981,,,,Minimal trauma fracture,N331N11,7,,,,
62343,,,,Pathological fracture NOS,N331z00,7,,,,
57301,,,,[X]Other osteoporosis with pathological fracture,NyuB000,7,,,,
18825,,,,[X]Unspecified osteoporosis with pathological fracture,NyuB800,7,,,,
19189,,,,Multiple fractures of cervical spine,610A200,,,,,
95674,,,,Pars interarticularis stress fracture,N1y2.00,,,,,
721,,,,Fracture of skull,S0..000,,,,,
15184,,,,Fracture of vault of skull,S00..00,,,,,
8573,,,,Parietal bone fracture,S00..12,,,,,
3809,,,,Frontal bone fracture,S00.11,,,,,
47842,,,,Closed fracture vault of skull without intracranial injury,S000.00,,,,,
2461,,,,Fracture of base of skull,S01..00,,,,,
30707,,,,Ethmoid sinus fracture,S01..12,,,,,
41675,,,,Frontal sinus fracture,S01..13,,,,,
9736,,,,Occiput bone fracture,S01..15,,,,,
37609,,,,Orbital roof fracture,S01..16,,,,,
37686,,,,Sphenoid bone fracture,S01..18,,,,,
5567,,,,Temporal bone fracture,S01..19,,,,,
63679,,,,Closed fracture base of skull with intracranial injury,S011.00,,,,,
97064,,,,Open fracture base of skull with intracranial injury,S013.00,,,,,
9103,,,,Fracture of face bones,S02..00,,,,,
417,,,,Closed fracture nose,S020.00,,,,,
9771,,,,Closed fracture nasal bone,S020.11,,,,,
3408,,,,Open fracture nose,S021.00,,,,,
37192,,,,Open fracture nasal bone,S021.11,,,,,
2642,,,,"Fracture of mandible, closed",S022.00,,,,,
16890,,,,"Fracture of lower jaw, closed",S022.12,,,,,
29091,,,,Closed fracture mandible (site unspecified),S022000,,,,,
12179,,,,"Closed fracture of mandible, condylar process",S022100,,,,,
41730,,,,"Closed fracture of mandible, subcondylar",S022200,,,,,
28913,,,,"Closed fracture of mandible, ramus, unspecified",S022400,,,,,
41707,,,,"Closed fracture of mandible, angle of jaw",S022500,,,,,
71583,,,,"Closed fracture of mandible, symphysis of body",S022600,,,,,
57190,,,,"Closed fracture of mandible, alveolar border of body",S022700,,,,,
59006,,,,"Closed fracture of mandible, body, other and unspecified",S022800,,,,,
37904,,,,"Closed fracture of mandible, multiple sites",S022x00,,,,,
36268,,,,"Fracture of mandible, closed, NOS",S022z00,,,,,
38050,,,,"Fracture of mandible, open",S023.00,,,,,
36772,,,,"Fracture of lower jaw, open",S023.11,,,,,
106283,,,,"Open fracture of mandible, alveolar border of body",S023700,,,,,
14878,,,,"Fracture of malar or maxillary bones, closed",S024.00,,,,,
36448,,,,"Fracture of upper jaw, closed",S024.11,,,,,
4225,,,,Closed fracture maxilla,S024000,,,,,
2251,,,,Closed fracture zygoma,S024100,,,,,
48636,,,,"Fracture of malar or maxillary bones, open",S025.00,,,,,
70282,,,,"Fracture of upper jaw, open",S025.11,,,,,
32011,,,,Open fracture maxilla,S025000,,,,,
12462,,,,Open fracture zygoma,S025100,,,,,
24790,,,,Closed orbital blow-out fracture,S026.00,,,,,
33459,,,,Open orbital blow-out fracture,S027.00,,,,,
30203,,,,Fracture of skull and facial bones,S028.00,,,,,
5280,,,,Fracture of nasal bones,S028000,,,,,
20515,,,,Fracture of orbital floor,S028100,,,,,
30028,,,,Fracture of malar and maxillary bones,S028200,,,,,
11161,,,,Fracture of mandible,S028300,,,,,
44949,,,,Le Fort II fracture maxilla,S02B.00,,,,,
68981,,,,Le Fort III fracture maxilla,S02C.00,,,,,
29119,,,,Closed fracture other facial bone,S02x.00,,,,,
27287,,,,"Fracture of alveolus, closed",S02x000,,,,,
4978,,,,"Fracture of orbit NOS, closed",S02x100,,,,,
26408,,,,"Fracture of other facial bones, closed, NOS",S02xz00,,,,,
59233,,,,Open fracture other facial bone,S02y.00,,,,,
31153,,,,"Fracture of orbit NOS, open",S02y100,,,,,
25631,,,,Fracture of facial bone NOS,S02z.00,,,,,
17455,,,,Jaw fracture NOS,S02z.11,,,,,
61388,,,,Other and unqualified skull fractures,S03..00,,,,,
57328,,,,Skull fracture NOS,S03z.00,,,,,
23780,,,,Depressed skull fracture NOS,S03z.11,,,,,
46142,,,,Multiple fractures involving skull or face with other bones,S04..00,,,,,
31797,,,,Multiple face fractures,S04..11,,,,,
39859,,,,Multiple skull fractures,S04..12,,,,,
33515,,,,Multiple fractures involving skull and facial bones,S044.00,,,,,
33692,,,,Fracture of skull NOS,S0z..00,,,,,
8255,,,,Fracture of spine without mention of spinal cord injury,S10..00,,,,,
30058,,,,Fracture of transverse process spine - no spinal cord lesion,S10..11,,,,,
11296,,,,Closed fracture of cervical spine,S100.00,,,,,
15613,,,,Closed fracture of unspecified cervical vertebra,S100000,,,,,
42561,,,,C1 vertebra closed fracture - no spinal cord lesion,S100111,,,,,
16277,,,,Closed fracture axis,S100200,,,,,
33967,,,,C2 vertebra closed fracture without spinal cord lesion,S100211,,,,,
27575,,,,Closed fracture of fifth cervical vertebra,S100500,,,,,
34873,,,,C5 vertebra closed fracture without spinal cord lesion,S100511,,,,,
27654,,,,Closed fracture of sixth cervical vertebra,S100600,,,,,
33503,,,,C6 vertebra closed fracture without spinal cord lesion,S100611,,,,,
24672,,,,Closed fracture of seventh cervical vertebra,S100700,,,,,
39887,,,,"Closed fracture axis, odontoid process",S100A00,,,,,
53337,,,,"Closed fracture cervical vertebra, wedge",S100H00,,,,,
95620,,,,"Closed fracture cervical vertebra, spondylolysis",S100J00,,,,,
54299,,,,"Closed fracture cervical vertebra, spinous process",S100K00,,,,,
55346,,,,Multiple closed fractures of cervical vertebrae,S100x00,,,,,
59996,,,,C7 vertebra open fracture without spinal cord lesion,S101711,,,,,
39816,,,,"Closed fracture thoracic vertebra, burst",S102000,,,,,
64872,,,,"Closed fracture thoracic vertebra, spinous process",S102300,,,,,
62047,,,,"Open fracture thoracic vertebra, wedge",S103100,,,,,
42968,,,,"Closed fracture lumbar vertebra, burst",S104000,,,,,
29089,,,,"Closed fracture lumbar vertebra, transverse process",S104400,,,,,
42780,,,,Open fracture lumbar vertebra,S105.00,,,,,
15877,,,,Closed fracture sacrum,S106.00,,,,,
14834,,,,"Closed fracture pelvis, coccyx",S108.00,,,,,
3288,,,,Fracture of neck,S10A.00,,,,,
28133,,,,Fracture of first cervical vertebra,S10A000,,,,,
34403,,,,Fracture of second cervical vertebra,S10A100,,,,,
12406,,,,Fracture of lumbar spine and pelvis,S10B.00,,,,,
3675,,,,Fracture of sacrum,S10B100,,,,,
835,,,,Fracture of coccyx,S10B200,,,,,
27922,,,,Fracture of ilium,S10B300,,,,,
9072,,,,Fracture of acetabulum,S10B400,,,,,
2328,,,,Fracture of pubis,S10B500,,,,,
8613,,,,Multiple fractures of lumbar spine and pelvis,S10B600,,,,,
3573,,,,"Closed fracture of spine, unspecified,",S10x.00,,,,,
34166,,,,Fracture of spine without mention of spinal cord lesion NOS,S10z.00,,,,,
43786,,,,Fracture of vertebra with spinal cord lesion,S11..12,,,,,
44059,,,,Closed fracture of lumbar spine with spinal cord lesion,S114.00,,,,,
49567,,,,Closed spinal fracture with unspecified lumbar cord lesion,S114000,,,,,
56961,,,,"Fracture of rib(s), sternum, larynx and trachea",S12..00,,,,,
280,,,,Closed fracture rib,S120.00,,,,,
7831,,,,"Closed fracture of rib, unspecified",S120000,,,,,
16494,,,,Closed fracture of one rib,S120100,,,,,
40533,,,,Closed fracture of two ribs,S120200,,,,,
56384,,,,Closed fracture of three ribs,S120300,,,,,
11004,,,,Closed fracture multiple ribs,S120900,,,,,
8968,,,,Cough fracture,S120A00,,,,,
28244,,,,Closed fracture of rib(s) NOS,S120z00,,,,,
48224,,,,Open fracture rib,S121.00,,,,,
3983,,,,Closed fracture sternum,S122.00,,,,,
40078,,,,Closed fracture of hyoid bone,S125100,,,,,
9688,,,,Fracture of rib,S127.00,,,,,
10696,,,,Multiple fractures of ribs,S127000,,,,,
28538,,,,Cough fracture of ribs,S127100,,,,,
11969,,,,Fracture of sternum,S128.00,,,,,
54353,,,,"Fracture of bony thorax, part unspecified",S12X.00,,,,,
45723,,,,"Fracture of rib(s), sternum, larynx or trachea NOS",S12z.00,,,,,
11378,,,,Rib fracture NOS,S12z.11,,,,,
27818,,,,Sternum fracture NOS,S12z.12,,,,,
738,,,,Fracture or disruption of pelvis,S13..00,,,,,
1591,,,,Closed fracture acetabulum,S130.00,,,,,
94649,,,,"Closed fracture acetabulum, posterior lip alone",S130100,,,,,
45527,,,,Closed fracture acetabulum NOS,S130z00,,,,,
53566,,,,Open fracture acetabulum,S131.00,,,,,
5302,,,,Closed fracture pubis,S132.00,,,,,
7004,,,,"Closed fracture pelvis, single pubic ramus",S132000,,,,,
6667,,,,"Closed fracture pelvis, multiple pubic rami - stable",S132100,,,,,
46592,,,,"Closed fracture pelvis, multiple pubic rami - unstable",S132200,,,,,
38895,,,,Other specified closed fracture pubis,S132y00,,,,,
28702,,,,Closed fracture pubis NOS,S132z00,,,,,
50749,,,,Open fracture of pubis,S133.00,,,,,
34685,,,,"Open fracture pelvis, single pubic ramus",S133000,,,,,
70674,,,,Open fracture of pubis NOS,S133z00,,,,,
33961,,,,Other or multiple closed fracture of pelvis,S134.00,,,,,
40643,,,,"Closed fracture of ilium, unspecified",S134000,,,,,
34708,,,,"Closed fracture pelvis, ischium",S134100,,,,,
41698,,,,"Closed fracture pelvis, ischial tuberosity",S134300,,,,,
28234,,,,"Closed fracture pelvis, anterior superior iliac spine",S134400,,,,,
40587,,,,"Closed fracture pelvis, anterior inferior iliac spine",S134500,,,,,
27854,,,,"Closed fracture pelvis, iliac wing",S134600,,,,,
34195,,,,Closed fracture dislocation of sacro-iliac joint,S134800,,,,,
11639,,,,Other or multiple closed fracture of pelvis NOS,S134z00,,,,,
28375,,,,Closed fracture of pelvis NOS,S13y.00,,,,,
11277,,,,Multiple fractures of thoracic spine,S150.00,,,,,
35260,,,,Closed multiple fractures of thoracic spine,S150000,,,,,
25284,,,,Fracture of neck and trunk NOS,S1z..00,,,,,
10252,,,,Fracture of neck and trunk,S1…00,,,,,
483,,,,Fracture of clavicle,S20..00,,,,,
33749,,,,Closed fracture of clavicle,S200.00,,,,,
44715,,,,"Closed fracture of clavicle, unspecified part",S200000,,,,,
44711,,,,"Closed fracture clavicle, medial end",S200100,,,,,
28307,,,,"Closed fracture clavicle, shaft",S200200,,,,,
29899,,,,"Closed fracture clavicle, lateral end",S200300,,,,,
28179,,,,Closed fracture of clavicle NOS,S200z00,,,,,
61812,,,,Open fracture of clavicle,S201.00,,,,,
17956,,,,"Open fracture clavicle, shaft",S201200,,,,,
28066,,,,Fracture of clavicle NOS,S20z.00,,,,,
1177,,,,Fracture of scapula,S21..00,,,,,
10735,,,,Shoulder blade fracture,S21..11,,,,,
27620,,,,Closed fracture of scapula,S210.00,,,,,
16389,,,,"Closed fracture scapula, acromion",S210100,,,,,
34907,,,,"Closed fracture scapula, coracoid",S210200,,,,,
4029,,,,"Closed fracture scapula, glenoid",S210300,,,,,
5344,,,,"Closed fracture scapula, blade",S210400,,,,,
48859,,,,"Closed fracture scapula, spine",S210500,,,,,
57592,,,,Closed fracture of scapula NOS,S210z00,,,,,
60108,,,,"Open fracture scapula, glenoid",S211300,,,,,
33870,,,,Fracture of scapula NOS,S21z.00,,,,,
9420,,,,Open fracture of the proximal humerus,S221.00,,,,,
10622,,,,Shoulder fracture - open,S221.11,,,,,
53688,,,,"Open fracture of proximal humerus, unspecified part",S221000,,,,,
36464,,,,"Closed fracture of humerus, shaft or unspecified part",S222.00,,,,,
27886,,,,"Closed fracture of humerus, shaft",S222100,,,,,
61378,,,,"Closed fracture of humerus, shaft or unspecified part NOS",S222z00,,,,,
48961,,,,Open fracture of humerus NOS,S223000,,,,,
40358,,,,"Open fracture of humerus, shaft",S223100,,,,,
15376,,,,Closed fracture of the distal humerus,S224.00,,,,,
1250,,,,Elbow fracture - closed,S224.11,,,,,
33720,,,,"Closed fracture of elbow, unspecified part",S224000,,,,,
6893,,,,"Closed fracture distal humerus, supracondylar",S224100,,,,,
18394,,,,"Closed fracture distal humerus, lateral condyle",S224200,,,,,
40367,,,,"Closed fracture distal humerus, medial condyle",S224300,,,,,
52083,,,,"Closed fracture of distal humerus, trochlea",S224500,,,,,
8661,,,,"Closed fracture distal humerus, lateral epicondyle",S224600,,,,,
28724,,,,"Closed fracture distal humerus, medial epicondyle",S224700,,,,,
28393,,,,"Closed fracture distal humerus, capitellum",S224800,,,,,
33540,,,,"Closed fracture of distal humerus, not otherwise specified",S224z00,,,,,
34172,,,,Open fracture of the distal humerus,S225.00,,,,,
7754,,,,Elbow fracture - open,S225.11,,,,,
31760,,,,"Open fracture distal humerus, supracondylar",S225100,,,,,
60163,,,,"Open fracture distal humerus, lateral condyle",S225200,,,,,
48217,,,,"Open fracture distal humerus, lateral epicondyle",S225600,,,,,
30659,,,,Fracture of shaft of humerus,S227.00,,,,,
1548,,,,Fracture of lower end of humerus,S228.00,,,,,
43570,,,,Closed fracture of proximal radius and ulna,S230.00,,,,,
9538,,,,"Closed fracture olecranon, extra-articular",S230100,,,,,
17822,,,,"Closed fracture of ulna, coronoid",S230200,,,,,
2662,,,,Closed Monteggia's fracture,S230300,,,,,
34426,,,,Closed fracture of the proximal ulna,S230500,,,,,
7009,,,,"Closed fracture radius, head",S230600,,,,,
7660,,,,"Closed fracture radius, neck",S230700,,,,,
33883,,,,Closed fracture of the proximal radius,S230900,,,,,
44538,,,,"Closed fracture radius and ulna, proximal",S230A00,,,,,
12063,,,,"Closed fracture olecranon, intra-articular",S230B00,,,,,
42957,,,,Closed fracture of proximal forearm not otherwise specified,S230z00,,,,,
50223,,,,"Open fracture of proximal forearm, unspecified",S23100,,,,,
29152,,,,"Open fracture olecranon, extra-articular",S231100,,,,,
52614,,,,"Open fracture of ulna, coronoid",S231200,,,,,
10246,,,,Open Monteggia's fracture,S231300,,,,,
61374,,,,Open fracture of the proximal ulna,S231500,,,,,
7636,,,,Open fracture radial head,S231600,,,,,
34737,,,,Open fracture radial neck,S231700,,,,,
37875,,,,"Open fracture radius and ulna, proximal",S231A00,,,,,
8410,,,,"Open fracture olecranon, intra-articular",S231B00,,,,,
26324,,,,"Closed fracture of radius and ulna, shaft",S232.00,,,,,
51364,,,,"Closed fracture of radius, shaft, unspecified",S232000,,,,,
42864,,,,Closed fracture of the radial shaft,S232100,,,,,
44790,,,,Closed fracture of the ulnar shaft,S232200,,,,,
35031,,,,"Closed fracture radius and ulna, middle",S232300,,,,,
33808,,,,"Closed fracture of radius and ulna, shaft, NOS",S232z00,,,,,
60518,,,,"Open fracture of radius, shaft, unspecified",S233000,,,,,
70503,,,,Open fracture of the ulnar shaft,S233200,,,,,
48245,,,,"Open fracture radius and ulna, middle",S233300,,,,,
40268,,,,Closed Galeazzi fracture,S234800,,,,,
102302,,,,Greenstick fracture of distal radius,S234G00,,,,,
27590,,,,"Open fracture of radius and ulna, lower end",S235.00,,,,,
10022,,,,Wrist fracture - open,S235.11,,,,,
60630,,,,"Open fracture of forearm, lower end, unspecified",S235000,,,,,
6074,,,,Open Colles' fracture,S235100,,,,,
44924,,,,"Open fracture of the distal radius, unspecified",S235200,,,,,
11262,,,,"Open fracture of ulna, styloid process",S235300,,,,,
49796,,,,Open fracture distal ulna - other,S235500,,,,,
38398,,,,"Open fracture radius and ulna, distal",S235600,,,,,
30418,,,,Open Galeazzi fracture,S235800,,,,,
6380,,,,Open fracture radial styloid,S235B00,,,,,
33404,,,,Fracture of upper end of ulna,S236.00,,,,,
2303,,,,Fracture of upper end of radius,S237.00,,,,,
8382,,,,Fracture of shaft of ulna,S238.00,,,,,
7988,,,,Fracture of shaft of radius,S239.00,,,,,
10149,,,,Fracture of shafts of both ulna and radius,S23A.00,,,,,
34367,,,,"Open fracture of radius (alone), unspecified",S23y100,,,,,
8704,,,,Open fracture of the radius and ulna,S23y300,,,,,
65301,,,,"Open fracture of radius and ulna, NOS",S23yz00,,,,,
70590,,,,"Open fracture of forearm, unspecified",S23yz000,,,,,
22375,,,,Fracture of carpal bone,S24..00,,,,,
10167,,,,Hand fracture - carpal bone,S24..11,,,,,
15666,,,,Closed fracture of carpal bone,S240.00,,,,,
6168,,,,Closed fracture of the scaphoid,S240100,,,,,
10357,,,,Closed fracture lunate,S240200,,,,,
28413,,,,Closed fracture triquetral,S240300,,,,,
5354,,,,Closed fracture pisiform,S240400,,,,,
26045,,,,Closed fracture trapezium,S240500,,,,,
35837,,,,Closed fracture trapezoid,S240600,,,,,
17606,,,,Closed fracture capitate,S240700,,,,,
31999,,,,Closed fracture hamate,S240800,,,,,
39458,,,,"Closed fracture hamate, hook",S240900,,,,,
16985,,,,"Closed fracture scaphoid, proximal pole",S240A00,,,,,
19403,,,,"Closed fracture scaphoid, waist, transverse",S240B00,,,,,
47837,,,,"Closed fracture scaphoid, waist, oblique",S240C00,,,,,
44712,,,,"Closed fracture scaphoid, waist, comminuted",S240D00,,,,,
28425,,,,"Closed fracture scaphoid, tuberosity",S240E00,,,,,
33929,,,,Closed fracture of carpal bone NOS,S240z00,,,,,
17286,,,,Open fracture of the scaphoid,S241100,,,,,
68765,,,,Open fracture lunate,S241200,,,,,
51666,,,,Open fracture triquetral,S241300,,,,,
64725,,,,Open fracture capitate,S241700,,,,,
73824,,,,"Open fracture scaphoid, waist, transverse",S241B00,,,,,
49588,,,,"Open fracture scaphoid, tuberosity",S241E00,,,,,
553,,,,Fracture of scaphoid,S242000,,,,,
7564,,,,Fracture of first metacarpal bone,S242100,,,,,
993,,,,Fracture of other metacarpal bone,S242200,,,,,
4725,,,,Multiple fractures of metacarpal bones,S242300,,,,,
43792,,,,Fracture of carpal bone NOS,S24z.00,,,,,
2888,,,,Fracture of metacarpal bone,S25..00,,,,,
2643,,,,Hand fracture - metacarpal bone,S25..11,,,,,
6392,,,,Closed fracture of metacarpal bone(s),S250.00,,,,,
31525,,,,"Closed fracture of metacarpal bone (s), site unspecified",S250000,,,,,
33905,,,,Closed fracture finger metacarpal base,S250200,,,,,
25519,,,,Closed fracture finger metacarpal shaft,S250300,,,,,
12546,,,,Closed fracture finger metacarpal neck,S250400,,,,,
24598,,,,Closed fracture finger metacarpal head,S250500,,,,,
27881,,,,Closed fracture finger metacarpal,S250600,,,,,
52895,,,,"Closed fracture finger metacarpal, multiple",S250700,,,,,
25811,,,,Closed fracture of thumb metacarpal,S250800,,,,,
53650,,,,Closed fracture thumb metacarpal head,S250C00,,,,,
21175,,,,Closed fractures of multiple sites of unspecified metacarpus,S250x00,,,,,
6881,,,,Closed fracture of metacarpal bone(s) NOS,S250z00,,,,,
29111,,,,Open fracture of metacarpal bone(s),S251.00,,,,,
52305,,,,Open fracture finger metacarpal shaft,S251300,,,,,
40361,,,,Open fracture finger metacarpal,S251600,,,,,
94393,,,,Open fractures of multiple sites of unspecified metacarpus,S251x00,,,,,
7531,,,,Closed fracture sesamoid bone of hand,S252.00,,,,,
441,,,,Fracture of one or more phalanges of hand,S26..00,,,,,
5260,,,,Finger fracture,S26..11,,,,,
482,,,,Thumb fracture excluding base,S26..12,,,,,
8302,,,,Closed fracture of one or more phalanges of hand,S260.00,,,,,
34058,,,,"Closed fracture of phalanx or phalanges, unspecified",S260000,,,,,
33582,,,,Closed fracture thumb proximal phalanx,S260300,,,,,
33678,,,,"Closed fracture thumb proximal phalanx, base",S260400,,,,,
43681,,,,"Closed fracture thumb proximal phalanx, shaft",S260500,,,,,
28249,,,,Closed fracture thumb distal phalanx,S260800,,,,,
34080,,,,"Closed fracture thumb distal phalanx, base",S260900,,,,,
62808,,,,"Closed fracture thumb distal phalanx, shaft",S260A00,,,,,
42139,,,,"Closed fracture thumb distal phalanx, tuft",S260B00,,,,,
61181,,,,"Closed fracture thumb distal phalanx, mallet",S260C00,,,,,
24516,,,,Closed fracture finger proximal phalanx,S260D00,,,,,
27699,,,,"Closed fracture finger proximal phalanx, base",S260E00,,,,,
18338,,,,"Closed fracture finger proximal phalanx, shaft",S260F00,,,,,
33679,,,,"Closed fracture finger proximal phalanx, neck",S260G00,,,,,
44943,,,,"Closed fracture finger proximal phalanx, head",S260H00,,,,,
44737,,,,"Closed fracture finger proximal phalanx, multiple",S260J00,,,,,
33616,,,,Closed fracture finger middle phalanx,S260K00,,,,,
33598,,,,"Closed fracture finger middle phalanx, base",S260L00,,,,,
33757,,,,"Closed fracture finger middle phalanx, shaft",S260M00,,,,,
34356,,,,"Closed fracture finger middle phalanx, neck",S260N00,,,,,
29117,,,,Closed fracture finger distal phalanx,S260R00,,,,,
27643,,,,"Closed fracture finger distal phalanx, base",S260S00,,,,,
33695,,,,"Closed fracture finger distal phalanx, shaft",S260T100,,,,,
33845,,,,"Closed fracture finger distal phalanx, tuft",S260U00,,,,,
52398,,,,"Closed fracture finger distal phalanx, mallet",S260V00,,,,,
45094,,,,"Closed fracture finger distal phalanx, multiple",S260W00,,,,,
45374,,,,"Closed fractures of phalanx or phalanges, multiple sites",S260x00,,,,,
40535,,,,Closed fracture of one or more phalanges of hand NOS,S260z00,,,,,
18336,,,,Open fracture of one or more phalanges of hand,S261.00,,,,,
36556,,,,"Open fracture of phalanx or phalanges, unspecified",S261000,,,,,
61279,,,,Open fracture thumb proximal phalanx,S261300,,,,,
37986,,,,Open fracture thumb distal phalanx,S261800,,,,,
53593,,,,"Open fracture thumb distal phalanx, tuft",S261B00,,,,,
33684,,,,Open fracture finger proximal phalanx,S261D00,,,,,
44700,,,,"Open fracture finger proximal phalanx, base",S261E00,,,,,
61529,,,,"Open fracture finger proximal phalanx, head",S261H00,,,,,
40304,,,,Open fracture finger middle phalanx,S261K00,,,,,
28197,,,,Open fracture finger distal phalanx,S261R00,,,,,
51700,,,,"Open fracture finger distal phalanx, tuft",S261U00,,,,,
102046,,,,"Open fracture finger distal phalanx, mallet",S261V00,,,,,
50781,,,,Open fracture of one or more phalanges of hand NOS,S261z00,,,,,
7500,,,,Fracture of thumb,S262.00,,,,,
6299,,,,Fracture of other finger,S263.00,,,,,
8199,,,,Multiple fractures of fingers,S264.00,,,,,
4582,,,,Fracture of one or more phalanges of hand NOS,S26z.00,,,,,
33908,,,,Multiple fractures of hand bones,S27..00,,,,,
44431,,,,Closed multiple fractures of hand bones,S270.00,,,,,
53923,,,,Multiple fractures of hand bones NOS,S27z.00,,,,,
49267,,,,Ill-defined fractures of upper limb,S28..00,,,,,
1179,,,,Ill-defined fracture of arm,S28..11,,,,,
47478,,,,Closed ill-defined fractures of upper limb,S280.00,,,,,
2660,,,,Ill-defined fractures of upper limb NOS,S28z.00,,,,,
17107,,,,Multiple rib fractures,S29..12,,,,,
16944,,,,"Multiple fractures of clavicle, scapula and humerus",S292.00,,,,,
8915,,,,Multiple fractures of forearm,S293.00,,,,,
27605,,,,Fractures involving multiple regions of both upper limbs,S294.00,,,,,
33882,,,,"Fracture of upper limb, level unspecified",S2A..00,,,,,
12516,,,,Fracture of bone of hand,S2B..00,,,,,
30076,,,,Fracture of upper limb NOS,S2z..00,,,,,
6195,,,,Fracture of upper limb,S2…00,,,,,
5929,,,,Arm fracture,S2…11,,,,,
97971,,,,"Open fracture proximal femur, intertrochanteric, comminuted",S303300,,,,,
39396,,,,"Open fracture of femur, intertrochanteric",S303400,,,,,
8040,,,,Other fracture of femur,S31..00,,,,,
6868,,,,"Closed fracture of femur, shaft or unspecified part",S310.00,,,,,
37662,,,,"Closed fracture of femur, unspecified part",S310000,,,,,
12791,,,,Thigh fracture NOS,S310011,,,,,
24674,,,,Closed fracture shaft of femur,S310100,,,,,
52318,,,,"Closed fracture of shaft or unspecified part, NOS",S310z00,,,,,
10095,,,,Open fracture shaft of femur,S311100,,,,,
28954,,,,Closed fracture distal femur,S312.00,,,,,
22329,,,,"Closed fracture of femur, distal end",S312.11,,,,,
53279,,,,"Closed fracture of distal femur, unspecified",S312000,,,,,
6320,,,,"Closed fracture of femoral condyle, unspecified",S312100,,,,,
21922,,,,"Closed fracture of femur, lower epiphysis",S312200,,,,,
5332,,,,"Closed fracture distal femur, supracondylar",S312300,,,,,
45562,,,,"Closed fracture distal femur, medial condyle",S312400,,,,,
38355,,,,"Closed fracture distal femur, lateral condyle",S312500,,,,,
54242,,,,"Closed fracture distal femur, bicondylar (T-Y fracture)",S312600,,,,,
61802,,,,Closed fracture of distal femur not otherwise specified,S312z00,,,,,
51170,,,,Open fracture distal femur,S313.00,,,,,
49595,,,,"Open fracture of femoral condyle, unspecified",S313100,,,,,
42805,,,,"Open fracture distal femur, supracondylar",S313300,,,,,
34738,,,,"Open fracture distal femur, lateral condyle",S313500,,,,,
8646,,,,Fracture of shaft of femur,S314.00,,,,,
8589,,,,Fracture of lower end of femur,S315.00,,,,,
520,,,,"Fracture of femur, NOS",S31z.00,,,,,
235,,,,Fracture of patella,S32..00,,,,,
33393,,,,Closed fracture of the patella,S320.00,,,,,
49526,,,,"Closed fracture patella, transverse",S320000,,,,,
44329,,,,"Closed fracture patella, distal pole",S320200,,,,,
54660,,,,"Closed fracture patella, vertical",S320300,,,,,
41287,,,,"Closed fracture patella, comminuted (stellate)",S320400,,,,,
28273,,,,Open fracture of the patella,S321.00,,,,,
50254,,,,"Open fracture patella, comminuted (stellate)",S321400,,,,,
35011,,,,"Fracture of patella, NOS",S32z.00,,,,,
2630,,,,Fracture of tibia and fibula,S33..00,,,,,
44830,,,,"Closed fracture of tibia and fibula, proximal",S330.00,,,,,
28550,,,,Closed fracture of the proximal tibia,S330000,,,,,
53951,,,,Closed fracture of tibial condyles,S330011,,,,,
22761,,,,Closed fracture of tibial tuberosity,S330012,,,,,
33656,,,,Closed fracture proximal fibula,S330100,,,,,
54280,,,,"Closed fracture of tibia and fibula, proximal",S330200,,,,,
18840,,,,"Closed fracture proximal tibia, medial condyle (plateau)",S330300,,,,,
22370,,,,"Closed fracture proximal tibia, lateral condyle (plateau)",S330400,,,,,
33768,,,,"Closed fracture spine, tibia",S330600,,,,,
52499,,,,"Closed fracture fibula, head",S330800,,,,,
52322,,,,"Closed fracture fibula, neck",S330900,,,,,
42978,,,,"Closed fracture of tibia and fibula, proximal NOS",S330z00,,,,,
33706,,,,Open fracture of the proximal tibia,S331000,,,,,
93029,,,,Open fracture of tibial condyles,S331011,,,,,
49801,,,,Open fracture of tibial tuberosity,S331012,,,,,
33457,,,,Open fracture proximal fibula,S331100,,,,,
54145,,,,"Open fracture of tibia and fibula, proximal",S331200,,,,,
44276,,,,"Open fracture proximal tibia, medial condyle (plateau)",S331300,,,,,
101840,,,,Open fracture tibial plateau,S331A00,,,,,
62787,,,,"Open fracture of tibia and fibula, unspecified part, NOS",S331yz00,,,,,
29121,,,,"Closed fracture of tibia/fibula, shaft",S332.00,,,,,
34021,,,,Closed fracture shaft of tibia,S332000,,,,,
28426,,,,Closed fracture shaft of fibula,S332100,,,,,
33520,,,,"Closed fracture of tibia and fibula, shaft",S332200,,,,,
28068,,,,"Open fracture of tibia/fibula, shaft",S333.00,,,,,
28118,,,,Open fracture shaft of tibia,S333000,,,,,
20678,,,,"Open fracture of tibia and fibula, shaft",S333200,,,,,
27719,,,,Closed fracture distal tibia,S334.00,,,,,
34151,,,,"Closed fracture distal tibia, extra-articular",S334000,,,,,
8465,,,,"Closed fracture distal tibia, intra-articular",S334100,,,,,
27992,,,,Open fracture distal tibia,S335.00,,,,,
27721,,,,"Open fracture distal tibia, extra-articular",S335000,,,,,
6917,,,,Fracture of upper end of tibia,S336.00,,,,,
101031,,,,Fracture tibial plateau,S336000,,,,,
7723,,,,Fracture of shaft of tibia,S337.00,,,,,
10007,,,,Fracture of lower end of tibia,S338.00,,,,,
806,,,,Fracture of fibula alone,S339.00,,,,,
6839,,,,Closed fracture of distal fibula,S339000,,,,,
12369,,,,Open fracture of distal fibula,S339100,,,,,
78444,,,,Fracture of tibia,S33A.00,,,,,
100640,,,,Open fracture of distal tibia and fibula,S33B.00,,,,,
100202,,,,Closed fracture of distal tibia and fibula,S33C.00,,,,,
29109,,,,"Closed fracture of tibia and fibula, unspecified part, NOS",S33x.00,,,,,
35253,,,,Lower leg fracture NOS,S33x.11,,,,,
971,,,,"Closed fracture of tibia, unspecified part, NOS",S33x000,,,,,
4304,,,,"Closed fracture of fibula, unspecified part, NOS",S33x100,,,,,
4572,,,,"Closed fracture of tibia and fibula, unspecified part",S33x200,,,,,
41971,,,,"Closed fracture of tibia and fibula, unspecified part, NOS",S33xz00,,,,,
28233,,,,"Open fracture of tibia and fibula, unspecified part, NOS",S33y.00,,,,,
29164,,,,"Open fracture of tibia, unspecified part, NOS",S33y000,,,,,
28352,,,,"Open fracture of fibula, unspecified part, NOS",S33y100,,,,,
29084,,,,"Open fracture of tibia and fibula, unspecified part",S33y200,,,,,
25485,,,,"Fracture of tibia and fibula, NOS",S33z.00,,,,,
325,,,,Fracture of ankle,S34..00,,,,,
6286,,,,"Closed fracture ankle, medial malleolus",S340.00,,,,,
33974,,,,"Open fracture ankle, medial malleolus",S341.00,,,,,
7340,,,,"Closed fracture ankle, lateral malleolus",S342.00,,,,,
7135,,,,"Closed fracture ankle, lateral malleolus, low",S342000,,,,,
35620,,,,"Closed fracture ankle, lateral malleolus, high",S342100,,,,,
18388,,,,"Open fracture ankle, lateral malleolus",S343.00,,,,,
7317,,,,"Closed fracture ankle, bimalleolar",S344.00,,,,,
2250,,,,Pott's fracture - ankle,S344.12,,,,,
42969,,,,"Closed fracture ankle, bimalleolar, low fibular fracture",S344000,,,,,
18584,,,,"Open fracture ankle, bimalleolar",S345.00,,,,,
10009,,,,"Closed fracture ankle, trimalleolar",S346.00,,,,,
56525,,,,"Closed fracture ankle, trimalleolar, low fibular fracture",S346000,,,,,
9917,,,,"Open fracture ankle, trimalleolar",S347.00,,,,,
5009,,,,Fracture of medial malleolus,S348.00,,,,,
6731,,,,Fracture of lateral malleolus,S349.00,,,,,
4737,,,,"Closed fracture ankle, unspecified",S34x.00,,,,,
38765,,,,"Open fracture ankle, unspecified",S34y.00,,,,,
9212,,,,"Fracture of ankle, NOS",S34z.00,,,,,
845,,,,Fracture of one or more tarsal and metatarsal bones,S35..00,,,,,
169,,,,Metatarsal bone fracture,S35..11,,,,,
2710,,,,Tarsal bone fracture,S35..12,,,,,
8276,,,,Closed fracture of calcaneus,S350.00,,,,,
8263,,,,Heel bone fracture,S350.11,,,,,
15166,,,,Os calcis fracture,S350.12,,,,,
57924,,,,"Closed fracture calcaneus, extra-articular",S350000,,,,,
34723,,,,"Closed fracture calcaneus, intra-articular",S350100,,,,,
43378,,,,Open fracture of calcaneus,S351.00,,,,,
15927,,,,Closed fracture of other tarsal and metatarsal bones,S352.00,,,,,
1700,,,,March fracture,S352.11,,,,,
20253,,,,"Closed fracture of tarsal bone, unspecified",S352000,,,,,
15079,,,,Closed fracture of talus,S352100,,,,,
11635,,,,Closed fracture navicular,S352200,,,,,
4310,,,,Closed fracture cuboid,S352300,,,,,
34954,,,,Closed fracture medial cuneiform,S352400,,,,,
58065,,,,Closed fracture intermediate cuneiform,S352500,,,,,
49847,,,,Closed fracture lateral cuneiform,S352600,,,,,
3937,,,,Closed fracture metatarsal,S352700,,,,,
37450,,,,"Closed fracture talus, head",S352800,,,,,
46955,,,,"Closed fracture talus, neck",S352900,,,,,
24620,,,,Closed fracture metatarsal base,S352B00,,,,,
27567,,,,Closed fracture metatarsal shaft,S352C00,,,,,
29748,,,,Closed fracture metatarsal neck,S352D00,,,,,
35077,,,,Closed fracture metatarsal head,S352E00,,,,,
28371,,,,"Closed fracture metatarsal, multiple",S352F00,,,,,
36304,,,,Closed fracture of cuneiforms,S352H00,,,,,
28875,,,,Closed fracture of base of fifth metatarsal,S352J00,,,,,
43153,,,,Closed fracture of one or more tarsal + metatarsal bones NOS,S352z00,,,,,
39758,,,,Open fracture of talus,S353100,,,,,
40992,,,,Open fracture navicular,S353200,,,,,
55939,,,,Open fracture metatarsal,S353700,,,,,
64545,,,,Open fracture metatarsal shaft,S353C00,,,,,
97803,,,,Open fracture metatarsal neck,S353D00,,,,,
1857,,,,Fracture of calcaneus,S354.00,,,,,
2442,,,,Fracture of talus,S355.00,,,,,
6062,,,,Fracture of metatarsal bone,S356.00,,,,,
39733,,,,Fracture of tarsal and metatarsal bones NOS,S35z.00,,,,,
2672,,,,Fracture of one or more phalanges of foot,S36..00,,,,,
1873,,,,Toe fracture,S36..11,,,,,
4306,,,,Closed fracture of one or more phalanges of foot,S360.00,,,,,
25073,,,,"Closed fracture proximal phalanx, toe",S360000,,,,,
29804,,,,"Closed fracture middle phalanx, toe",S360100,,,,,
28251,,,,"Closed fracture distal phalanx, toe",S360200,,,,,
53905,,,,"Closed fracture multiple phalanges, toe",S360300,,,,,
37865,,,,Open fracture of one or more phalanges of foot,S361.00,,,,,
50517,,,,"Open fracture proximal phalanx, toe",S361000,,,,,
69728,,,,"Open fracture middle phalanx, toe",S361100,,,,,
51213,,,,"Open fracture distal phalanx, toe",S361200,,,,,
2176,,,,Fracture of great toe,S362.00,,,,,
28604,,,,Closed fracture of great toe,S362000,,,,,
31847,,,,Open fracture of great toe,S362100,,,,,
7159,,,,Fracture of other toe,S363.00,,,,,
34424,,,,Fracture of one or more phalanges of foot NOS,S36z.00,,,,,
33903,,,,"Fracture of lower limb, level unspecified",S37..00,,,,,
40368,,,,"Closed fracture of lower limb, level unspecified",S370.00,,,,,
44245,,,,"Open fracture of lower limb, level unspecified",S371.00,,,,,
11275,,,,"Fracture of lower leg, part unspecified",S3X..00,,,,,
21773,,,,Multiple fractures of femur,S3x2.00,,,,,
9348,,,,Multiple fractures of lower leg,S3x3.00,,,,,
9174,,,,Multiple fractures of foot,S3x4.00,,,,,
14746,,,,"Other, multiple and ill-defined fractures of lower limb NOS",S3xz.00,,,,,
3025,,,,Stress fracture,S3z2.00,,,,,
8891,,,,Fracture of lower limb,S3…00,,,,,
2603,,,,Leg fracture,S3…11,,,,,
27718,,,,Closed fracture-dislocation acromio-clavicular joint,S4A0100,,,,,
50573,,,,Open fracture-dislocation acromio-clavicular joint,S4A1100,,,,,
10228,,,,Fracture-dislocation or subluxation elbow,S4B..00,,,,,
33687,,,,Closed fracture-dislocation elbow,S4B0.00,,,,,
9468,,,,Closed fracture-dislocation elbow joint,S4B0000,,,,,
62960,,,,Closed fracture-dislocation superior radio-ulnar joint,S4B0100,,,,,
43972,,,,Open fracture-dislocation elbow,S4B1.00,,,,,
58752,,,,Closed fracture-subluxation elbow,S4B2.00,,,,,
27783,,,,"Closed fracture-dislocation, carpometacarpal joint",S4C0300,,,,,
42844,,,,Open fracture dislocation wrist,S4C1.00,,,,,
46798,,,,Open fracture-subluxation radiocarpal joint,S4C3100,,,,,
10250,,,,Fracture-dislocation/subluxation finger/thumb,S4D..00,,,,,
35198,,,,Closed fracture-dislocation digit,S4D0.00,,,,,
42990,,,,"Closed fracture-dislocation digit, unspecified",S4D0000,,,,,
25445,,,,"Closed fracture-dislocation, metacarpophalangeal joint",S4D0100,,,,,
33985,,,,"Closed fracture-dislocation, distal interphalangeal joint",S4D0300,,,,,
19375,,,,"Closed fracture-dislocation, proximal interphalangeal joint",S4D0400,,,,,
18841,,,,Open fracture-dislocation digit,S4D1.00,,,,,
37582,,,,"Open fracture-dislocation, proximal interphalangeal joint",S4D1400,,,,,
45690,,,,"Open fracture-dislocation, interphalangeal joint thumb",S4D1500,,,,,
48874,,,,Closed fracture-subluxation digit,S4D2.00,,,,,
36527,,,,"Closed fracture-subluxation, metacarpophalangeal joint",S4D2100,,,,,
60487,,,,"Closed fracture-subluxation IPJ, unspecified",S4D2200,,,,,
40817,,,,"Closed fracture-subluxation, proximal interphalangeal joint",S4D2400,,,,,
29911,,,,Fracture-dislocation or subluxation knee,S4F..00,,,,,
40653,,,,"Closed fracture-dislocation, knee joint",S4F0.00,,,,,
33666,,,,"Closed fracture-subluxation, knee joint",S4F2.00,,,,,
29981,,,,"Closed fracture-dislocation, patello-femoral joint",S4F4.00,,,,,
40650,,,,"Closed fracture-subluxation, patello-femoral joint",S4F6.00,,,,,
15491,,,,Fracture-dislocation or subluxation ankle,S4G..00,,,,,
34302,,,,"Closed fracture-dislocation, ankle joint",S4G0.00,,,,,
17249,,,,Fracture-dislocation or subluxation foot,S4H..00,,,,,
44628,,,,Closed fracture-dislocation foot,S4H0.00,,,,,
67849,,,,"Closed fracture-dislocation, tarsometatarsal joint",S4H0200,,,,,
28800,,,,"Closed fracture-dislocation, IPJ, single toe",S4H0400,,,,,
92268,,,,"Closed fracture-dislocation, IPJ, multiple toes",S4H0600,,,,,
52340,,,,"Open fracture-dislocation, foot",S4H1.00,,,,,
40445,,,,"Open fracture-dislocation, subtalar joint",S4H1000,,,,,
42902,,,,"Open fracture-dislocation, IPJ, single toe",S4H1400,,,,,
106875,,,,"Open fracture-dislocation, IPJ, multiple toes",S4H1600,,,,,
44673,,,,"Closed fracture-subluxation, foot",S4H2.00,,,,,
68514,,,,"Open fracture-subluxation, IPJ, single toe",S4H3400,,,,,
65155,,,,Closed fracture-dislocation of sternum,S4J0000,,,,,
34910,,,,Closed fracture-dislocation of pelvis,S4J0100,,,,,
45011,,,,Open fracture-dislocation of pelvis,S4J1100,,,,,
24615,,,,"Open fracture-dislocation sterno-clavicular joint, anterior",S4J1200,,,,,
34212,,,,Closed fracture-subluxation of pelvis,S4J2100,,,,,
51741,,,,Late effect of fracture of cervical vertebra,SC01000,,,,,
33341,,,,Late effect of fracture of arm,SC02.00,,,,,
33918,,,,Sequelae of other fracture of thorax and pelvis,SC0X.00,,,,,
27989,,,,Sequelae of fracture of femur,SC3D400,,,,,
32009,,,,Fractures involving head with neck,SR10.00,,,,,
45934,,,,Fractures involving thorax with lower back and pelvis,SR11.00,,,,,
71030,,,,Late effect of face fracture,Sc00.11,,,,,
71739,,,,[X]Fracture of other metacarpal bone,Syu6400,,,,,
96939,,,,[X]Fractures of other parts of lower leg,Syu8300,,,,,
32063,,,,Fracture of spine with spinal cord lesion,s11..00,,,,,
62484,,,,"Closed #-subluxation sterno-clavicular joint, anterior",,,,,,
102084,,,,"Closed #skull bse no intracranial injury, >24hr LOC+recovery",,,,,,
50727,,,,"Opn # proximal femur, intracapsular section, unspecified",,,,,,
93804,,,,"Closed #skull/face, mult + intracranial inj, unspec consc",,,,,,
49894,,,,"Closed #-dislocation, metatarsophalangeal joint, multiple",,,,,,
65688,,,,"Open #-dislocation, metatarsophalangeal joint, multiple",,,,,,
108469,,,,"Cls spinal # with incomplete thoracic cord lesion, T1-6 NOS",,,,,,
62743,,,,Open #skull vlt with intracranial injury + concussion unspec,,,,,,
111559,,,,Closed #skull bse + intracranial injury + concussion unspec,,,,,,
102718,,,,Open #skull bse + intracranial injury + concussion unspec,,,,,,
70987,,,,Multiple #upper limbs & upper limb with rib + sternum NOS,,,,,,
93438,,,,"Closed #skull vlt no intracranial inj, LOC unspec duration",,,,,,
72400,,,,"Closed #skull/face, mult, no intracranial inj, <1hr LOC",,,,,,
64167,,,,"Open #skull vlt + intracranial injury, unspec state of consc",,,,,,
1093,,,,#Knee-cap,,,,,,
94450,,,,"Closed #skull bse no intracranial injury, <1hr loss of consc",,,,,,
100796,,,,"Open #skull bse no intracranial injury, <1hr loss of consc",,,,,,
92354,,,,"Mult #skull/face+other bones, closed, no intracranial injury",,,,,,
52871,,,,"Closed #skull vlt no intracranial inj,>24hr LOC not restored",,,,,,
104696,,,,"Closed #skull/face, mult, no intracranial inj, unspec consc",,,,,,
66312,,,,"Open #skull vlt no intracranial injury, no loss of consc",,,,,,
98578,,,,"Closed #skull NOS no intracranial inj, 1-24hr loss of consc",,,,,,
67633,,,,"Open # of proximal femur, trochanteric section, unspecified",,,,,,
71725,,,,"Closed #skull bse + intracranial injury, >24hr LOC+recovery",,,,,,
101956,,,,"Cls spinal # with incomplete cervical cord lesion, C5-7 NOS",,,,,,
61357,,,,"Open #skull vlt + intracranial injury, LOC unspec duration",,,,,,
62841,,,,"Closed #skull vlt + intracranial injury, LOC unspec duration",,,,,,
72412,,,,"Closed #skull vlt + intracranial injury, >24hr LOC+recovery",,,,,,
73451,,,,"Open #skull bse + intracranial injury, >24hr LOC + recovery",,,,,,
73441,,,,"Open #skull vlt + intracranial injury, no loss of consc",,,,,,
25620,,,,"Cls # distal phalanx or phalanges, unspecified part",,,,,,
56299,,,,"Multiple #both legs, leg + arm ,leg + rib + sternum",,,,,,
103132,,,,"Closed #skull/face, mult, no intracranial inj, no loss consc",,,,,,
71866,,,,"Closed #skull/face,mult + intracran inj, concussion unspec",,,,,,
72710,,,,"Open #skull/face, mult + intracran inj, >24hr LOC + recovery",,,,,,
34286,,,,Closed # radius neck,,,,,,
66765,,,,"Closed #skull vlt no intracranial injury, 1-24hr loss consc",,,,,,
93679,,,,"Closed #-dislocation sterno-clavicular joint, posterior",,,,,,
42200,,,,"Closed #-dislocation, metatarsophalangeal joint, single",,,,,,
73206,,,,"Mult #skull/face+other bones, closed + intracranial injury",,,,,,
50687,,,,"Closed #skull/face, mult + intracranial inj, 1-24hrs LOC",,,,,,
100110,,,,"Cls spinal # with incomplete cervical cord lesion, C1-4 NOS",,,,,,
63961,,,,"Opn # mid/prox phalanx or phalanges, unspecified part",,,,,,
64550,,,,"Closed #skull NOS + intracranial inj, LOC unspec duration",,,,,,
73700,,,,"Multiple #both legs, leg + arm, leg + rib + sternum NOS",,,,,,
69491,,,,"Closed #skull NOS + intracranial inj, 1-24hrs loss of consc",,,,,,
105691,,,,"Multiple closed #both legs, leg + arm, leg + rib + sternum",,,,,,
58688,,,,"Closed #skull bse no intracranial injury, unspec state consc",,,,,,
10428,,,,"Cls # thumb metacarpal base, intra-articular, Bennett",,,,,,
50524,,,,"Closed #skull vlt no intracranial injury, <1hr loss of consc",,,,,,
50309,,,,"Closed #-dislocation sterno-clavicular joint, anterior",,,,,,
66114,,,,"Open #skull vlt no intracranial injury, unspec state consc",,,,,,
34931,,,,"Clsd # mid/prox phalanx/phalanges, unspecified part",,,,,,
89688,,,,Closed #skull NOS no intracranial inj + concussion unspec,,,,,,
62835,,,,"Open #skull/face, mult + intracranial inj, unspec consc",,,,,,
58957,,,,"Closed #skull bse no intracranial injury, no loss of consc",,,,,,
99018,,,,"Closed #skull vlt + intracranial injury, no loss of consc",,,,,,
17958,,,,"Closed #skull vlt + intracranial injury, unspec state consc",,,,,,
104726,,,,"Open #skull vlt + intracranial injury, >24hr LOC + recovery",,,,,,
99505,,,,"Open #skull bse + intracranial injury, <1hr loss of consc",,,,,,
96406,,,,Closed #skull bse no intracranial injury + concussion unspec,,,,,,
34099,,,,"Opn # distal phalanx or phalanges, unspecified part",,,,,,
111584,,,,Open multiple #upper limbs & upper limb with rib + sternum,,,,,,
67890,,,,"Closed #skull NOS + intracranial inj, <1hr loss of consc",,,,,,
62955,,,,"Closed #skull vlt no intracranial injury, no loss of consc",,,,,,
65532,,,,Open #skull NOS no intracranial inj + concussion unspec,,,,,,
66763,,,,"Closed #skull NOS no intracranial inj, no loss of consc",,,,,,
17611,,,,"Closed #-subluxation, metatarsophalangeal joint, single",,,,,,
102074,,,,"Closed #skull bse no intracranial inj, LOC unspec duration",,,,,,
45956,,,,"Closed #skull bse + intracranial injury, LOC unspec duration",,,,,,
98776,,,,"Closed #skull vlt + intracranial injury, <1hr loss of consc",,,,,,
96681,,,,"Closed #skull/face,mult + intracran inj, LOC unspec duration",,,,,,
59959,,,,Closed #skull vlt with intracranial injury+concussion unspec,,,,,,
56906,,,,"Opn # thumb metacarpal base, intra-articular, Rolando",,,,,,
29097,,,,Multiple # both upper limbs & upper limb with rib + sternum,,,,,,
94411,,,,Open #skull NOS without mention of intracranial injury,,,,,,
23983,,,,"Opn # thumb metacarpal base, intra-articular, Bennett",,,,,,
99019,,,,"Closed #skull bse + intracranial inj, unspec state of consc",,,,,,
65724,,,,"Closed #skull vlt no intracranial injury, unspec state consc",,,,,,
73430,,,,Closed #skull vlt no intracranial injury + concussion unspec,,,,,,
110319,,,,"Closed #skull NOS no intracranial inj, <1hr loss of consc",,,,,,
57907,,,,"Closed #-subluxation, metatarsophalangeal joint, multiple",,,,,,
34054,,,,"Cls # thumb metacarpal base, intra-articular, Rolando",,,,,,
93851,,,,"Closed #skull vlt + intracranial injury, 1-24hr loss consc",,,,,,
107041,,,,"Mult #skull/face + other bones, open + intracranial injury",,,,,,
73411,,,,"Mult #skull/face + other bones, open, no intracranial injury",,,,,,
70475,,,,"Cls spinal # with incomplete thoracid cord lesion, T7-12 NOS",,,,,,
65674,,,,Closed multiple #upper limbs & upper limb with rib + sternum,,,,,,
105137,,,,"Closed #skull bse + intracranial injury, 1-24hr loss consc",,,,,,
99282,,,,"Open #skull bse + intracranial injury, LOC unspec duration",,,,,,
18676,,,,Pathological fracture due to metastatic bone disease,B585000,,,,,
10008,,,,Malunion and nonunion of fracture,N338.00,,,,,
4849,,,,Malunion of fracture,N338000,,,,,
5312,,,,Nonunion of fracture,N338111,,,,,
50250,,,,Hypertrophic non-union of fracture,N338200,,,,,
57377,,,,Angular mal-union of fracture,N338400,,,,,
65470,,,,Rotational mal-union of fracture,N338500,,,,,
9676,,,,Delayed union of fracture,N338600,,,,,
50279,,,,Fracture malunion or nonunion NOS,N338z00,,,,,
2470,,,,Fracture of unspecified bones,S3z..00,,,,,
358,,,,Fracture NOS,S3z..11,,,,,
37310,,,,"Closed fracture of bones, unspecified",S3z0.00,,,,,
455,,,,Greenstick fracture,S3z0000,,,,,
953,,,,"Open fracture of bones, unspecified",S3z1.00,,,,,
29162,,,,Fracture of bones NOS,S3zz.00,,,,,
40752,,,,Other fracture-dislocation or subluxation,S4J..00,,,,,
34993,,,,Other closed fracture-dislocation,S4J0.00,,,,,
868,,,,Fracture dislocations and fracture subluxations,S4…13,,,,,
44916,,,,Delayed union of fracture,SC0z.11,,,,,
19206,,,,Fractures involving multiple body regions,SR1..00,,,,,
50270,,,,"Multiple fractures, unspecified",SR1z.00,,,,,
16769,,,,"Fracture, cause unspecified",TC7..00,,,,,
94530,,,,[Q] Refracture,Zw02500,,,,,
10736,,,,Open reduction of fracture of orbit,7206100,,,,,
5972,,,,Removal of fixation from fracture of orbit,7206200,,,,,
20445,,,,Open reduction of fracture of orbit and internal fixation,7206400,,,,,
15800,,,,Reduction of fracture of facial bone,7J03.00,,,,,
3095,,,,Reduction of fracture of nasal bones NEC,7J03100,,,,,
4465,,,,Reduction of fracture of zygomatic bones,7J03200,,,,,
43730,,,,Reduction of closed fracture of orbit bone,7J03300,,,,,
63064,,,,Other specified reduction of fracture of facial bone,7J03y00,,,,,
28621,,,,Reduction of fracture of facial bone NOS,7J03z00,,,,,
6994,,,,Reduction of fracture of mandible,7J12.00,,,,,
17443,,,,Reduction of fracture of jaw NEC,7J12.11,,,,,
60254,,,,Reduction of fracture of alveolus of mandible,7J12000,,,,,
28926,,,,Open reduction of fracture of mandible NEC,7J12100,,,,,
11342,,,,Closed reduction of fracture of mandible NEC,7J12200,,,,,
27361,,,,Other specified reduction of fracture of mandible,7J12y00,,,,,
22780,,,,Reduction of fracture of maxilla,7J13.00,,,,,
35889,,,,Closed reduction of fracture of maxilla NEC,7J13200,,,,,
25312,,,,Reduction of blowout fracture of orbital floor,7J13300,,,,,
4350,,,,Reduction of Le Fort 1 fracture of maxilla,7J13400,,,,,
51147,,,,Reduction of Le Fort 2 fracture of maxilla,7J13500,,,,,
17138,,,,Traction for fracture of jaw,7J17700,,,,,
31933,,,,Decompression of fracture of spine,7J41.00,,,,,
65606,,,,Other specified decompression of fracture of spine,7J41y00,,,,,
20744,,,,Other reduction of fracture of spine,7J42.00,,,,,
48159,,,,Other reduction of fracture of spine and stabilisation,7J42.11,,,,,
34634,,,,Open reduction of fracture of spine NEC,7J42100,,,,,
43600,,,,Halo skull traction for fracture of spine,7J42400,,,,,
20598,,,,Fixation of fracture of spine,7J43.00,,,,,
28966,,,,Primary open reduc spinal fracture+internal fix+plate,7J43000,,,,,
34850,,,,Fixation of fracture of spine using Harrington rod,7J43100,,,,,
91649,,,,Primary open reduc spinal fracture+other internal fix,7J43700,,,,,
73344,,,,Other specified fixation of fracture of spine,7J43y00,,,,,
53575,,,,Repair of fracture of cranium NEC,7JO2300,,,,,
7930,,,,Primary open reduction fracture patella fixat tension band,7K1F500,,,,,
18962,,,,Closed reduction of fracture of femur,7K1L500,,,,,
5886,,,,Closed reduction of fracture of tibia and or fibula,7K1L700,,,,,
6106,,,,Closed reduction of fracture of ankle,7K1L800,,,,,
38433,,,,Closed reduction of fracture of metatarsus,7K1L900,,,,,
7339,,,,Closed reduction of fracture of toe,7K1LA00,,,,,
11453,,,,Closed reduction of fracture of hallux,7K1LB00,,,,,
55077,,,,Closed reduction of fracture of lower limb,7K1LC00,,,,,
26130,,,,Closed reduction of fracture of nasal bone,7K1LD00,,,,,
7034,,,,Closed reduction of fracture of elbow,7K1LE00,,,,,
6069,,,,Closed reduction of fracture of finger,7K1LH00,,,,,
8885,,,,Closed reduction of fracture of thumb,7K1LJ00,,,,,
35530,,,,Closed reduction of fracture of metacarpus,7K1LK00,,,,,
34632,,,,Elevation of depressed fracture of cranium,SJ02200,,,,,
64709,,,,Primary open reduc spinal #+internal fix+internal fixator,,,,,,
34082,,,,Prmy open reduction # elbow+fixation with Hook fixtn plate,,,,,,
31902,,,,Closed reduction # leg,,,,,,
31498,,,,Closed reduction # arm,,,,,,
108040,,,,Primary open reduc spinal #+intern fix+segmental wire system,,,,,,
12823,,,,Closed reduction fracture small bone & fixation using screw,7KJ300,,,,,
7672,,,,Primary open reduction fracture bone & intramedull fixation,7K1D.00,,,,,
29582,,,,K wiring of fracture,7K1D511,,,,,
34277,,,,Prim open reduction fracture bone & intramedullary fixatn OS,7K1Dy00,,,,,
36698,,,,Prim open reduction fracture bone & intramedull fixation NOS,7K1Dz00,,,,,
30429,,,,Primary open reduction of intraarticular fracture of bone,7K1F.00,,,,,
45394,,,,Primary intraarticular fixation intraartic fracture bone NEC,7K1F300,,,,,
53348,,,,Primary open reduction of intraarticular fracture bone OS,7K1Fy00,,,,,
50460,,,,Primary open reduction of intraarticular fracture bone NOS,7K1Fz00,,,,,
4528,,,,Other primary open reduction of fracture of bone,7K1G.00,,,,,
34396,,,,Prmy open reduction of fracture and external fixation,7K1G100,,,,,
40321,,,,Primary open reduction of fracture alone,7K1G300,,,,,
21942,,,,Primary open reduction of bone fracture & external fixation,7K1Gy11,,,,,
16141,,,,Other primary open reduction of fracture of bone NOS,7K1Gz00,,,,,
9727,,,,Secondary open reduction of fracture of bone,7K1H.00,,,,,
54959,,,,Revision to open reduction of fracture of bone,7K1H.11,,,,,
55447,,,,Secondary open reduction of intraarticular fracture of bone,7K1H200,,,,,
59716,,,,Revision to open reduction of fracture and external fixation,7K1HE00,,,,,
62029,,,,Secondary open reduction of fracture of bone NOS,7K1Hz00,,,,,
6248,,,,Closed (or no) reduction of fracture and internal fixation,7K1J.00,,,,,
22393,,,,Primary wire fixation of fracture,7K1JH00,,,,,
30748,,,,Revision to wire fixation of fracture,7K1JJ00,,,,,
34355,,,,Primary closed reduction of fracture and wire fixation,7K1JK00,,,,,
36497,,,,Closed reduction of bone fracture and internal fixation NOS,7K1Jz00,,,,,
24715,,,,Closed (or no) reduction of fracture and external fixation,7K1K.00,,,,,
69702,,,,Primary functional bracing of fracture,7K1K700,,,,,
11333,,,,Primary external fixation of fracture,7K1K800,,,,,
12165,,,,Revision to external fixation of fracture,7K1KB00,,,,,
29103,,,,Primary closed reduction of fracture and external fixation,7K1KE00,,,,,
4629,,,,Other closed reduction of fracture of bone,7K1L.00,,,,,
2887,,,,Manipulation of fracture of bone NEC,7K1L100,,,,,
30213,,,,Remanipulation of fracture of bone NEC,7K1L300,,,,,
11872,,,,Primary closed reduction of fracture alone,7K1LV00,,,,,
35052,,,,Revision to closed reduction of fracture alone,7K1LX00,,,,,
46862,,,,Revision to cast immobilisation of fracture,7K1Lc00,,,,,
38472,,,,Primary arthroscopic reduction of fracture,7K1Ld00,,,,,
32012,,,,Primary arthroscopic reduction and fixation of fracture,7K1Le00,,,,,
35742,,,,Revision to arthroscopic reduction of fracture,7K1Lf00,,,,,
15085,,,,Other closed reduction of fracture of bone NOS,7K1Lz00,,,,,
4641,,,,Debridement of open fracture,7K1T100,,,,,
22144,,,,Closed reduction fracture disloc joint & internal fixation,7K6GN00,,,,,
61653,,,,Primary closed reduction of fracture dislocation alone,7K6GX00,,,,,
54198,,,,Secondary open reduction fracture dislocation of joint NEC,7K6H200,,,,,
85656,,,,Sec open red fracture dislocat joint and intern fixation NEC,7K6Hh00,,,,,
24611,,,,Primary open reduction of fracture dislocation of joint NEC,7KSF200,,,,,
10737,,,,Closed reduction of fracture,82…11,,,,,
17119,,,,Convalesc. after fracture Rx,8F86.00,,,,,
12879,,,,Pseudoarthrosis - fracture nonunion,N338100,,,,,
30377,,,,Fracture - traction,Z6G1900,,,,,
8513,,,,[V]Rehabilitation following fracture,ZV57700,,,,,
47528,,,,[V]Convalescence after treatment of fracture,ZV66400,,,,,
91546,,,,Primary open reduct # dislocat joint comb int external fix,,,,,,
98158,,,,Primary closed reduction of # dislocation+cast immobil,,,,,,
39646,,,,Revision to open red #+other external immobilisation,,,,,,
23971,,,,Prmy open reduction #+locked reamed intramedullary nail fxtn,,,,,,
55638,,,,Revision to open red #+unlocked reamed intramed nail fxn,,,,,,
29953,,,,Primary closed reduction #+internal fixation with screw(s),,,,,,
99152,,,,Revision cls reduction #+unlocked unreamed intramed nail fxn,,,,,,
110164,,,,Revision to open reduction # dislocation+fixation+screw(s),,,,,,
104627,,,,Revision cls reduction #+locked reamed intramed nail fxn,,,,,,
17508,,,,Prmy open reduction of #+internal fixation with plate NEC,,,,,,
65614,,,,Primary open reduction of # dislocation+fixation+plate(s),,,,,,
29455,,,,Primary open reduction of #+other ext immobilisation,,,,,,
50413,,,,Revision to open reduction # dislocation+skeletal traction,,,,,,
67030,,,,Revision to closed reduction of # + oth ext immobilisation,,,,,,
98292,,,,Revision to open reduction of # and functional bracing,,,,,,
40779,,,,Revision to closed reduction # + other internal fixation,,,,,,
50532,,,,Primary closed reduction #+internal fixation with wire,,,,,,
96575,,,,Revision to open reduction of # dislocation+fixation+wire(s),,,,,,
10429,,,,Prmy open reduction #+internal fixation with cerclage wiring,,,,,,
88761,,,,Primary open reduction # dislocation+other jnt stabilisation,,,,,,
28149,,,,Primary closed reduction # dislocation jnt+skeletal traction,,,,,,
70533,,,,Secondary open reduction # bone and internal fixation HFQ,,,,,,
27445,,,,Prmy open reduction #+other int(extramedullary) fixation,,,,,,
110049,,,,Revision cls reduction #+locked unreamed intramed nail fxn,,,,,,
20379,,,,"Open reduction of # dislocation of joint+fxn of jnt,unspec",,,,,,
51763,,,,Revision to open red #+locked unreamed intramed nail fxn,,,,,,
101629,,,,Revision to open reduction of # and cast immobilisation,,,,,,
73241,,,,Prim open red # long bone & fix - Ender flexi intramed nail,,,,,,
47253,,,,Prim open red # long bone & fix - Rush flexi intramedul nail,,,,,,
99508,,,,Primary closed reduction # dislocation+other extrnal immobil,,,,,,
33559,,,,Revision to closed reduction #+internal fixation with screws,,,,,,
59690,,,,Primary open reduction # dislocation joint internal fix NEC,,,,,,
67796,,,,Revision to closed reduction of # and skeletal traction NEC,,,,,,
72378,,,,Prim open reduct # long bone & fix - Parham circlage band,,,,,,
64873,,,,Primary cls reduction #+locked unreamed intramed nail fxn,,,,,,
42960,,,,Primary open reduction of # dislocation+fixation+screw(s),,,,,,
28667,,,,Prmy open reduction of #+intramedullary nail fixation,,,,,,
110998,,,,Revision cls reduction #+unlocked reamed intramed nail fxn,,,,,,
36816,,,,Revision to closed reduction #+intramed nail fixation,,,,,,
28972,,,,Revision to open red #+other int fxn,,,,,,
71926,,,,X-ray # reduction control,,,,,,
67198,,,,Revision to open red #+locked reamed intramed nail fxn,,,,,,
65176,,,,Prmy open red #+unlocked reamed intramedullary nail fixation,,,,,,
40403,,,,Primary open reduction of # dislocation+wire fixation,,,,,,
93711,,,,Revision to open red #+int fxn+cerclage wiring,,,,,,
48139,,,,Primary closed reduction of # and skeletal traction NEC,,,,,,
8685,,,,Primary closed reduction #+intramed nail fixation,,,,,,
33711,,,,Prmy open reduction of #+internal fixation with screw(s),,,,,,
95501,,,,Primary cls reduction #+unlocked unreamed intramed nail fxn,,,,,,
39647,,,,Revision to open red #+int fxn+tension band wiring,,,,,,
6894,,,,Prmy open reduction of #+internal fixation with K-wire,,,,,,
38426,,,,Primary open reduction of # dislocation+external fixation,,,,,,
56608,,,,Prmy open reduction #+unlocked unreamed intramedullary nail,,,,,,
101993,,,,Primary closed reduction of # dislocation+external fixation,,,,,,
111333,,,,Primary open reduction of # dislocation+functional bracing,,,,,,
10782,,,,Prmy open reduction #+internal fxn with tension band wiring,,,,,,
66539,,,,Primary open reduction of # dislocation+cast immobilisation,,,,,,
52910,,,,Revision to open red #+intramedullary nail fxn,,,,,,
38988,,,,Revision to closed reduction of # and external fixation,,,,,,
62541,,,,Prmy open reduction #+int fxtn with multiple implant types,,,,,,
35905,,,,Primry opn redctn of # dislocation of jt + skeletal traction,,,,,,
37761,,,,Prmy open red #+locked unreamed intramedullary nail fixation,,,,,,
48332,,,,Primary closed reduction # dislocation+fixation by wire(s),,,,,,
98418,,,,Revision to open red #+unlocked unreamed intramed nail fxn,,,,,,
39352,,,,Revision to open red #+int fxn+plate,,,,,,
59169,,,,Primary cls reduction #+unlocked reamed intramed nail fxn,,,,,,
28988,,,,Revision to open red #+int fxn+K-wire,,,,,,
61994,,,,Revision to closed reduction of # and cast immobilisation,,,,,,
39010,,,,Revision to closed reduction # + internal fixation with wire,,,,,,
101295,,,,Revision to closed reduction # dislocation+other ext immobil,,,,,,
22167,,,,Revision to open red #+int fxn+screw(s),,,,,,
68151,,,,Primary cls reduction #+locked reamed intramed nail fxn,,,,,,
12601,,,,Primary closed reduction #+other internal fixation,,,,,,
17036,,,,Fracture therapy follow-up,8HB9.00,,,,,
95879,,,,Referral to fracture clinic,8HTo.00,,,,,
6224,,,,Seen in fracture clinic,9N0X.00,,,,,
8594,,,,[V]Fracture follow-up,ZV67400,,,,,
